INSERT INTO SC_TACTICS (TACTICS_ID, TACTICS_NAME, STATUS, JAR_PATH, CLASS_NAME, DESCRIBE) VALUES (1, '静态网页爬取', 1, 'jarPath1', 'className1', 'describe1');
INSERT INTO SC_TACTICS (TACTICS_ID, TACTICS_NAME, STATUS, JAR_PATH, CLASS_NAME, DESCRIBE) VALUES (2, '动态网页爬取', 1, 'jarPath2', 'className2', 'describe2');
INSERT INTO SC_TACTICS (TACTICS_ID, TACTICS_NAME, STATUS, JAR_PATH, CLASS_NAME, DESCRIBE) VALUES (3, 'post访问爬取', 1, 'jarPath3', 'className3', 'describe3');
INSERT INTO SC_TACTICS (TACTICS_ID, TACTICS_NAME, STATUS, JAR_PATH, CLASS_NAME, DESCRIBE) VALUES (4, '地理编码专用', 1, 'jarPath4', 'className4', '用于采集地理编码转换的采集策略，这是一个专用策略');

INSERT INTO SC_TASK (TASK_ID, TAG_ID, TASK_NAME, TASK_TYPE, CIRCULATION, STATUS) VALUES (1, 0, '手机号归属地1', 1, 0, 0);
INSERT INTO SC_TASK (TASK_ID, TAG_ID, TASK_NAME, TASK_TYPE, CIRCULATION, STATUS) VALUES (2, 0, '手机号归属地2', 1, 0, 0);
INSERT INTO SC_TASK (TASK_ID, TAG_ID, TASK_NAME, TASK_TYPE, CIRCULATION, STATUS) VALUES (3, 0, '逆地理编码', 1, 1, 0);
INSERT INTO SC_TASK (TASK_ID, TAG_ID, TASK_NAME, TASK_TYPE, CIRCULATION, STATUS) VALUES (4, 0, '会员地理编码', 1, 1, 0);
INSERT INTO SC_TASK (TASK_ID, TAG_ID, TASK_NAME, TASK_TYPE, CIRCULATION, STATUS) VALUES (5, 0, '门店地理编码', 1, 1, 0);
INSERT INTO SC_TASK (TASK_ID, TAG_ID, TASK_NAME, TASK_TYPE, CIRCULATION, STATUS) VALUES (6, 0, '百度执行人', 1, 1, 0);

insert into SC_TASK_DETAIL (DETAIL_ID, TASK_ID, TACTICS_ID, CHARSET, URL_HOST, URL_PATH, URL_PARAMS, REQUEST_HEADER, START_TIME, END_TIME, SLEEP_TIME, PARSE_TYPE, PARSE_DETAIL, STOP_FLOOR) values (1, 1, 3, 'utf8', 'www.zjsfgkw.cn', 'http://www.zjsfgkw.cn/Execute/CreditPersonal?PageNo=${pageNo}&PageSize=5&ReallyName=&CredentialsNumber=&AH=&ZXFY=&StartLARQ=&EndLARQ=', '[[{type:1,key:"${pageNo}",value: "1-5"}]]', null, '* */2 * * * ?', null, 2000, 1, 'function getItemInfo(data){itemInfo.setTableName(''table_test'');var columns = itemInfo.getColumns();var result = JSON.parse(data);var infoArr = result.informationmodels;var count = infoArr.length;for(i=0;i<count;i++){var info = infoArr[i];var columnMap = {really_name:info.ReallyName,credentials_number:info.CredentialsNumber,address:info.Address};columns.add(columnMap);}}', null);
insert into SC_TASK_DETAIL (DETAIL_ID, TASK_ID, TACTICS_ID, CHARSET, URL_HOST, URL_PATH, URL_PARAMS, REQUEST_HEADER, START_TIME, END_TIME, SLEEP_TIME, PARSE_TYPE, PARSE_DETAIL, STOP_FLOOR) values (2, 2, 1, 'utf8', 'v.showji.com', 'http://v.showji.com/Locating/showji.com20180331.aspx?m=${phoneNum}&output=json', '[[{type:2,key:"${phoneNum}",value: "select id,phone_num phoneNum from cs_mp_test where status=1"}]]', null, null, null, 3000, 1, 'function getItemInfo(data){itemInfo.setTableName(''cs_mp_test_result'');var columns = itemInfo.getColumns();var result = JSON.parse(data);var column1 = {mobile : result.Mobile,to : result.TO,corp : result.Corp,province : result.Province,city : result.City,area_code : result.AreaCode,post_code : result.PostCode};columns.add(column1);}', null);
insert into SC_TASK_DETAIL (DETAIL_ID, TASK_ID, TACTICS_ID, CHARSET, URL_HOST, URL_PATH, URL_PARAMS, REQUEST_HEADER, START_TIME, END_TIME, SLEEP_TIME, PARSE_TYPE, PARSE_DETAIL, STOP_FLOOR) values (3, 3, 1, 'utf8', 'v.showji.com', 'http://v.showji.com/Locating/showji.com20180331.aspx?m=${phoneNum}&output=json', '[[{type:1,key:"${phoneNum}",value: "1816800-1816899"}]]', null, null, null, 3000, 1, 'function getItemInfo(data){itemInfo.setTableName(''cs_mp_test_result'');var columns = itemInfo.getColumns();var result = JSON.parse(data);var column1 = {mobile : result.Mobile,to : result.TO,corp : result.Corp,province : result.Province,city : result.City,area_code : result.AreaCode,post_code : result.PostCode};columns.add(column1);}', null);
insert into SC_TASK_DETAIL (DETAIL_ID, TASK_ID, TACTICS_ID, CHARSET, URL_HOST, URL_PATH, URL_PARAMS, REQUEST_HEADER, START_TIME, END_TIME, SLEEP_TIME, PARSE_TYPE, PARSE_DETAIL, STOP_FLOOR) values (4, 4, 4, 'utf8', 'api.map.baidu.com', 'http://api.map.baidu.com/geocoder/v2/?location=${latitude},${longtitude}&output=json&pois=0&ak=${ak}', '[[{type:2,key:"${latitude},${longtitude}",value: "select last_login_latitude latitude,last_login_longitude longtitude from cs_mp_test_position where status=0"},{type:3,key:"${ak}",value: "select baidu_ak ak from cs_mp_baidu_ak where status=1"}]]', null, null, null, 200, 1, 'function getItemInfo(data) {itemInfo.setTableName(''cs_mp_test_position'');var keys = [ ''last_login_latitude'', ''last_login_longitude'' ];itemInfo.setUpdateKeys(keys);itemInfo.setResultType(2);var result = JSON.parse(data).result;var columns = itemInfo.getColumns();var column1 = {"last_login_latitude" : "${latitude}","last_login_longitude" : "${longtitude}","position" : result.formatted_address,"status":"1"}; columns.add(column1);}', null);
insert into SC_TASK_DETAIL (DETAIL_ID, TASK_ID, TACTICS_ID, CHARSET, URL_HOST, URL_PATH, URL_PARAMS, REQUEST_HEADER, START_TIME, END_TIME, SLEEP_TIME, PARSE_TYPE, PARSE_DETAIL, STOP_FLOOR) values (5, 5, 4, 'utf8', 'api.map.baidu.com', 'http://api.map.baidu.com/geocoder/v2/?address=${address}&output=json&ak=${ak}', '[[{type:2,key:"${address}",value: "select ID,CERT_NO,MEMBER_ID,USERNO,CUST_ID,MOBILE,ADDR_TYPE,ADDR_PROV,ADDR_CITY,ADDR_INFO address,STATIS_DATE from cs_mp_test_address where STATIS_DATE=''20180612''"},{type:3,key:"${ak}",value: "select baidu_ak ak from cs_mp_baidu_ak where status=1"}]]', null, '0 0 3 * * ?', null, 200, 1, 'function getItemInfo(data) {itemInfo.setTableName(''cs_mp_test_address_result'');itemInfo.setResultType(1);var result = JSON.parse(data).result;var location = result.location;var columns = itemInfo.getColumns();var column1 = {"ID" : "${ID}",	"CERT_NO" : "${CERT_NO}","MEMBER_ID" : "${MEMBER_ID}","USERNO" : "${USERNO}","CUST_ID" : "${CUST_ID}","MOBILE" : "${MOBILE}","ADDR_TYPE" : "${ADDR_TYPE}","ADDR_PROV" : "${ADDR_PROV}","ADDR_CITY" : "${ADDR_CITY}","ADDR_INFO" : "${address}","STATIS_DATE" : "${STATIS_DATE}","LNG" : String(location.lng),"LAT" : String(location.lat),"CONFIDENCE" : String(result.confidence),"STATUS" : "1"};columns.add(column1);}', null);
insert into SC_TASK_DETAIL (DETAIL_ID, TASK_ID, TACTICS_ID, CHARSET, URL_HOST, URL_PATH, URL_PARAMS, REQUEST_HEADER, START_TIME, END_TIME, SLEEP_TIME, PARSE_TYPE, PARSE_DETAIL, STOP_FLOOR) values (6, 6, 4, 'utf8', 'api.map.baidu.com', 'http://api.map.baidu.com/geocoder/v2/?address=${address}&output=json&ak=${ak}', '[[{type:2,key:"${address}",value: "select STR_ID,STR_CD,PROVINCE,CITY,STR_ADDR address,IS_CLOSED,UPDATE_TIME from cs_mp_test_store where UPDATOR=''10160890''"},{type:3,key:"${ak}",value: "select baidu_ak ak from cs_mp_baidu_ak where status=1"}]]', null, '0 0 3 * * ?', null, 200, 1, 'function getItemInfo(data) {itemInfo.setTableName(''cs_mp_test_store_result'');itemInfo.setResultType(1);var result = JSON.parse(data).result;var location = result.location;var columns = itemInfo.getColumns();var column1 = {"STR_ID" : "${STR_ID}","STR_CD" : "${STR_CD}","STR_LEVEL" : String(result.level),"PROVINCE" : "${PROVINCE}","CITY" : "${CITY}","STR_ADDR" : "${address}","IS_CLOSED" : "${IS_CLOSED}","UPDATE_TIME" : "${UPDATE_TIME}","LNG" : String(location.lng),"LAT" : String(location.lat),"CONFIDENCE" : String(result.confidence),"STATUS" : "1"};columns.add(column1);}', null);
insert into SC_TASK_DETAIL (DETAIL_ID, TASK_ID, TACTICS_ID, CHARSET, URL_HOST, URL_PATH, URL_PARAMS, REQUEST_HEADER, START_TIME, END_TIME, SLEEP_TIME, PARSE_TYPE, PARSE_DETAIL, STOP_FLOOR) values (7, 7, 1, 'utf8', 'sp0.baidu.com', 'https://sp0.baidu.com/8aQDcjqpAAV3otqbppnN2DJv/api.php?resource_id=6899&query=${query}&pn=${pageNo}&rn=10&ie=utf-8&oe=utf-8&format=json', '[[{type:0,key:"${query}",value: "%E5%8C%97%E4%BA%AC%20%E6%89%A7%E8%A1%8C%E4%BA%BA"},{type:1,key:"${pageNo}",value: "0-20",interval:50}],[{type:0,key:"${query}",value: "%E5%A4%A9%E6%B4%A5%20%E6%89%A7%E8%A1%8C%E4%BA%BA"},{type:1,key:"${pageNo}",value: "0-20",interval:50}],[{type:0,key:"${query}",value: "%E6%B2%B3%E5%8C%97%20%E6%89%A7%E8%A1%8C%E4%BA%BA"},{type:1,key:"${pageNo}",value: "0-20",interval:50}],[{type:0,key:"${query}",value: "%E5%B1%B1%E8%A5%BF%20%E6%89%A7%E8%A1%8C%E4%BA%BA"},{type:1,key:"${pageNo}",value: "0-20",interval:50}],[{type:0,key:"${query}",value: "%E5%86%85%E8%92%99%E5%8F%A4%20%E6%89%A7%E8%A1%8C%E4%BA%BA"},{type:1,key:"${pageNo}",value: "0-20",interval:50}],[{type:0,key:"${query}",value: "%E5%90%89%E6%9E%97%20%E6%89%A7%E8%A1%8C%E4%BA%BA"},{type:1,key:"${pageNo}",value: "0-20",interval:50}],[{type:0,key:"${query}",value: "%E9%BB%91%E9%BE%99%E6%B1%9F%20%E6%89%A7%E8%A1%8C%E4%BA%BA"},{type:1,key:"${pageNo}",value: "0-20",interval:50}],[{type:0,key:"${query}",value: "%E4%B8%8A%E6%B5%B7%20%E6%89%A7%E8%A1%8C%E4%BA%BA"},{type:1,key:"${pageNo}",value: "0-20",interval:50}],[{type:0,key:"${query}",value: "%E6%B1%9F%E8%8B%8F%20%E6%89%A7%E8%A1%8C%E4%BA%BA"},{type:1,key:"${pageNo}",value: "0-20",interval:50}],[{type:0,key:"${query}",value: "%E6%B5%99%E6%B1%9F%20%E6%89%A7%E8%A1%8C%E4%BA%BA"},{type:1,key:"${pageNo}",value: "0-20",interval:50}],[{type:0,key:"${query}",value: "%E5%AE%89%E5%BE%BD%20%E6%89%A7%E8%A1%8C%E4%BA%BA"},{type:1,key:"${pageNo}",value: "0-20",interval:50}],[{type:0,key:"${query}",value: "%E7%A6%8F%E5%BB%BA%20%E6%89%A7%E8%A1%8C%E4%BA%BA"},{type:1,key:"${pageNo}",value: "0-20",interval:50}],[{type:0,key:"${query}",value: "%E6%B1%9F%E8%A5%BF%20%E6%89%A7%E8%A1%8C%E4%BA%BA"},{type:1,key:"${pageNo}",value: "0-20",interval:50}],[{type:0,key:"${query}",value: "%E5%B1%B1%E4%B8%9C%20%E6%89%A7%E8%A1%8C%E4%BA%BA"},{type:1,key:"${pageNo}",value: "0-20",interval:50}],[{type:0,key:"${query}",value: "%E6%B2%B3%E5%8D%97%20%E6%89%A7%E8%A1%8C%E4%BA%BA"},{type:1,key:"${pageNo}",value: "0-20",interval:50}],[{type:0,key:"${query}",value: "%E6%B9%96%E5%8C%97%20%E6%89%A7%E8%A1%8C%E4%BA%BA"},{type:1,key:"${pageNo}",value: "0-20",interval:50}],[{type:0,key:"${query}",value: "%E6%B9%96%E5%8D%97%20%E6%89%A7%E8%A1%8C%E4%BA%BA"},{type:1,key:"${pageNo}",value: "0-20",interval:50}],[{type:0,key:"${query}",value: "%E5%B9%BF%E4%B8%9C%20%E6%89%A7%E8%A1%8C%E4%BA%BA"},{type:1,key:"${pageNo}",value: "0-20",interval:50}],[{type:0,key:"${query}",value: "%E5%B9%BF%E8%A5%BF%20%E6%89%A7%E8%A1%8C%E4%BA%BA"},{type:1,key:"${pageNo}",value: "0-20",interval:50}],[{type:0,key:"${query}",value: "%E6%B5%B7%E5%8D%97%20%E6%89%A7%E8%A1%8C%E4%BA%BA"},{type:1,key:"${pageNo}",value: "0-20",interval:50}],[{type:0,key:"${query}",value: "%E9%87%8D%E5%BA%86%20%E6%89%A7%E8%A1%8C%E4%BA%BA"},{type:1,key:"${pageNo}",value: "0-20",interval:50}],[{type:0,key:"${query}",value: "%E5%9B%9B%E5%B7%9D%20%E6%89%A7%E8%A1%8C%E4%BA%BA"},{type:1,key:"${pageNo}",value: "0-20",interval:50}],[{type:0,key:"${query}",value: "%E8%B4%B5%E5%B7%9E%20%E6%89%A7%E8%A1%8C%E4%BA%BA"},{type:1,key:"${pageNo}",value: "0-20",interval:50}],[{type:0,key:"${query}",value: "%E4%BA%91%E5%8D%97%20%E6%89%A7%E8%A1%8C%E4%BA%BA"},{type:1,key:"${pageNo}",value: "0-20",interval:50}],[{type:0,key:"${query}",value: "%E8%A5%BF%E8%97%8F%20%E6%89%A7%E8%A1%8C%E4%BA%BA"},{type:1,key:"${pageNo}",value: "0-20",interval:50}],[{type:0,key:"${query}",value: "%E9%99%95%E8%A5%BF%20%E6%89%A7%E8%A1%8C%E4%BA%BA"},{type:1,key:"${pageNo}",value: "0-20",interval:50}],[{type:0,key:"${query}",value: "%E9%9D%92%E6%B5%B7%20%E6%89%A7%E8%A1%8C%E4%BA%BA"},{type:1,key:"${pageNo}",value: "0-20",interval:50}],[{type:0,key:"${query}",value: "%E5%AE%81%E5%A4%8F%20%E6%89%A7%E8%A1%8C%E4%BA%BA"},{type:1,key:"${pageNo}",value: "0-20",interval:50}],[{type:0,key:"${query}",value: "%E6%96%B0%E7%96%86%20%E6%89%A7%E8%A1%8C%E4%BA%BA"},{type:1,key:"${pageNo}",value: "0-20",interval:50}]]', null, '0 10 9 * * ?', null, 1000, 1, 'var od = new Date();var y = od.getFullYear();var mm = od.getMonth() + 1;var d = od.getDate();var dd = "" + y + mm + d;function getItemInfo(data) {itemInfo.setTableName("cs_mp_test_baidu_result");itemInfo.setResultType(1);var columns = itemInfo.getColumns();var result = JSON.parse(data).data[0].result;var count = result.length;for (i = 0; i < count; i++) {var info = result[i];if (info.cardNum.indexOf("*") == -1) {continue;}var carNo = info.cardNum.replace("****", "***");var issueDate = info.publishDate.replace("年", "").replace("月", "").replace("日", "");var columnMap = {"STATIS_DATE" : dd,"GRAP_DATE" : dd,"KEY_TYPE" : "01",	"KEY_VALUE" : carNo,"KEY_HIDE" : "1","NAME" : info.iname,"REASON" : "失信人","CASE_NO" : info.caseCode,"ISSUE_DATE" : issueDate,"ADD_TYPE" : "03","CREATE_ID" : "16070449","SOURCE" : info.courtName,"REMARK" : "百度"};columns.add(columnMap);}}', null);

INSERT INTO SC_BAIDU_AK ( BAIDU_AK, STATUS) VALUES ('BGvWmO1Udc8lKS5BEnvpcEF9YxIdAinG', 0);
INSERT INTO SC_BAIDU_AK ( BAIDU_AK, STATUS) VALUES ('t58Fe5Cf0g9kqkxUlSswkEMqKcxv9xR7', 0);
INSERT INTO SC_BAIDU_AK ( BAIDU_AK, STATUS) VALUES ('HU5ZTsDWDDA97Efan1yl3fZP32itTpXF', 0);
INSERT INTO SC_BAIDU_AK ( BAIDU_AK, STATUS) VALUES ('AvkW49nVIHvf8eBOPWqd8NM0XaNGaDK8', 0);
INSERT INTO SC_BAIDU_AK ( BAIDU_AK, STATUS) VALUES ('XxsVg8pAMIFmdasUR8QM8BmIxmOMgnL2', 0);
INSERT INTO SC_BAIDU_AK ( BAIDU_AK, STATUS) VALUES ('F3Cixx3SfmnjPn0MReUvGuvAGSD4OpY4', 0);
INSERT INTO SC_BAIDU_AK ( BAIDU_AK, STATUS) VALUES ('z64cjMDKrzwAxbq9FVbkaboZbPmFgLNn', 0);
INSERT INTO SC_BAIDU_AK ( BAIDU_AK, STATUS) VALUES ('ip7DZ6mykvIRFEXfsI8pgh6MDYCpl9pb', 0);
INSERT INTO SC_BAIDU_AK ( BAIDU_AK, STATUS) VALUES ('vvCuB4ZKMBr1ZfZr9kPB81PoDwMmMgca', 0);
INSERT INTO SC_BAIDU_AK ( BAIDU_AK, STATUS) VALUES ('7WpzbhYHN4cmGwGARygVG9Qv', 0);
INSERT INTO SC_BAIDU_AK ( BAIDU_AK, STATUS) VALUES ('RUVu6B9kXUmjITTlHGEI3U3nLEKrv3jZ', 0);
INSERT INTO SC_BAIDU_AK ( BAIDU_AK, STATUS) VALUES ('8q9Y11KGuPe6IMbqftncxTp6HfbfT9oh', 0);
INSERT INTO SC_BAIDU_AK ( BAIDU_AK, STATUS) VALUES ('jHRQykUoqaDvnDgbaco6AaR1bi9XOxPa', 0);
INSERT INTO SC_BAIDU_AK ( BAIDU_AK, STATUS) VALUES ('dAExcbkxhrNl8iCxx14mGcfCIPG5nClx', 0);
INSERT INTO SC_BAIDU_AK ( BAIDU_AK, STATUS) VALUES ('nQchOggLBZechpXnAA5tkXeg5llbYy7u', 0);